URL,Text,Phone Number
https://www.weddingwire.in/caterers/feeding-concepts--e36338,Feeding Concepts,9810014550
https://www.weddingwire.in/caterers/caterfix--e70893,Caterfix,+919811807878
https://www.weddingwire.in/caterers/diva-catering--e36229,DIVA Catering,+919599773320
https://www.weddingwire.in/caterers/delli-delicacies--e71363,Delli Delicacies,9899835903
https://www.weddingwire.in/caterers/mix-studio-chattarpur--e316665,"Mix Studio, Chattarpur",+919820379910
https://www.weddingwire.in/caterers/vips-kitchen--e75128,VIP's Kitchen,+919717853371
https://www.weddingwire.in/caterers/indian-accent-delhi--e48509,"Indian Accent, Delhi",11 43235151
https://www.weddingwire.in/caterers/the-theatric-platter--e476721,The Theatric Platter,+918587005072
https://www.weddingwire.in/caterers/sk-caterer--e363627,SK Caterer,+917290067875
https://www.weddingwire.in/caterers/mixstudio-gurgaon--e317555,"MiXStudio, Gurgaon",+919820379910
https://www.weddingwire.in/caterers/harrys-gourmet-catering--e36165,Harrys Gourmet Catering,+919711114040
https://www.weddingwire.in/caterers/crepe-fe--e275991,Crepe-Fe,+91 9888313130
https://www.weddingwire.in/caterers/thai-crate--e401391,Thai Crate,+918800688826
https://www.weddingwire.in/caterers/creative-cuisines-vasant-vihar--e55248,"Creative Cuisines, Vasant Vihar",+919462895600
https://www.weddingwire.in/caterers/hari-om-tent-event--e224284,Hari Om Tent Event,+91 9811067112
https://www.weddingwire.in/caterers/aggarwal-tent-&-caterers--e50607,Aggarwal Tent & Caterers,+919810187623
https://www.weddingwire.in/caterers/imran-catering-by-imran-khan--e273303,Imran Catering By Imran Khan,+919871250621
https://www.weddingwire.in/caterers/caara--e47797,Caara,1146088888
https://www.weddingwire.in/caterers/sums-up--e55725,Sums-Up,+919911999659
https://www.weddingwire.in/caterers/rose-luxury-catering--e462674,Rose Luxury Catering,+919991902220
https://www.weddingwire.in/caterers/drunker-night-cocktail-services-delhi--e271061,"Drunker Night Cocktail Services, Delhi",+919560114334
https://www.weddingwire.in/caterers/cocktails-dzire--e308565,Cocktails Dzire,+919891159660
https://www.weddingwire.in/caterers/charcoal-food-&-beverages-services--e310999,Charcoal Food & Beverages Services,+919810222948
https://www.weddingwire.in/caterers/the-kitchen-art-company--e36294,The Kitchen Art Company,+919717093535
https://www.weddingwire.in/caterers/sol-food-india--e215069,Sol Food India,+91 9990300008
https://www.weddingwire.in/caterers/taste-&-discover-by-chef-anant--e317119,Taste & Discover By Chef Anant,+919871533210
https://www.weddingwire.in/caterers/sanjay-caterers-rohini--e100898,"Sanjay Caterers, Rohini",+91 9871732367
https://www.weddingwire.in/caterers/the-great-indian-cuisine-delhi--e359013,"The Great Indian Cuisine, Delhi",+918000800081
https://www.weddingwire.in/caterers/uma-caterers-&-party-creators--e79490,UMA Caterers & Party Creators,+919971466677
https://www.weddingwire.in/caterers/table-and-fork-consultant--e82482,Table and Fork Consultant,+919871684043
https://www.weddingwire.in/caterers/marwadi-khana-sector-56-gurgaon--e102800,"Marwadi Khana, Sector 56, Gurgaon",+919958983606
https://www.weddingwire.in/caterers/indo-fusion-cuisine-services--e51643,Indo Fusion Cuisine Services,+91 9999344384
https://www.weddingwire.in/caterers/pco-catering--e73230,PCO Catering,+918860006957
https://www.weddingwire.in/caterers/sampoorn-caterers--e68948,Sampoorn Caterers,+91 9910748907
https://www.weddingwire.in/caterers/art-of-masala-anand-niketan--e294190,"Art of Masala, Anand Niketan",+919873833007
https://www.weddingwire.in/caterers/food-inc-catering-udyog-vihar-4--e36077,"Food Inc Catering, Udyog Vihar 4",+91 9810077020
https://www.weddingwire.in/caterers/the-keggers--e216295,The Keggers,+91 8077744745
https://www.weddingwire.in/caterers/the-cocktails-planet--e317247,The Cocktails Planet,+91 9810340017
https://www.weddingwire.in/caterers/purpleberry--e14447,Purpleberry,+919810350067
https://www.weddingwire.in/caterers/rp-bar-catering--e400075,RP Bar Catering,+918130108823
https://www.weddingwire.in/caterers/sol-spice-of-life--e116594,SOL - Spice Of Life,+91 9990300002
